{
  "project_info": {
    "project_number": "727699939799",
    "firebase_url": "https://kinraidee-app.firebaseio.com",
    "project_id": "kinraidee-app",
    "storage_bucket": "kinraidee-app.appspot.com"
  },
  "client": [
    {
      "client_info": {
        "mobilesdk_app_id": "1:727699939799:android:45dec3c20353be943b6b92",
        "android_client_info": {
          "package_name": "com.example.kinraiddeapp"
        }
      },
      "oauth_client": [
        {
          "client_id": "727699939799-tftgp204l0d0vn7e0cmilq8thpsej7r8.apps.googleusercontent.com",
          "client_type": 1,
          "android_info": {
            "package_name": "com.example.kinraiddeapp",
            "certificate_hash": "885f075c44cda479dc49fa8e4b33be16143877a4"
          }
        },
        {
          "client_id": "727699939799-422vmkc33nq01aph4bnj22lkqtsv4vs6.apps.googleusercontent.com",
          "client_type": 3
        }
      ],
      "api_key": [
        {
          "current_key": "AIzaSyACuQbQIf_rvy6RSy_NSpb2IHvDDMgUaCs"
        }
      ],
      "services": {
        "appinvite_service": {
          "other_platform_oauth_client": [
            {
              "client_id": "727699939799-422vmkc33nq01aph4bnj22lkqtsv4vs6.apps.googleusercontent.com",
              "client_type": 3
            }
          ]
        }
      }
    }
  ],
  "configuration_version": "1"
}